positive_sample_id,negative_sample_id,matching_distance,diff_luminance_mean,diff_Lab_a_mean,diff_Lab_b_mean,diff_ROI_short_side,diff_ROI_aspect_ratio,diff_foreground_ratio,diff_original_pixel_count,diff_blur_laplacian
stained_coating::中医舌诊染苔数据/染苔/1000_台式梅肉.JPG,stained_coating::中医舌诊染苔数据/非染苔/13.JPG,1.2095046262387026,-0.6846967584934093,0.1721762887903039,0.8913878751632761,0.18602581618678016,0.16595742500085187,-0.17932161995064266,-0.009072588022483563,0.2747521518673145
stained_coating::中医舌诊染苔数据/染苔/1001_台式梅肉.JPG,stained_coating::中医舌诊染苔数据/非染苔/264.JPG,1.1220119661453394,-0.6025271975367037,0.4406147141801979,-0.09551853469729821,-0.41680972348616907,0.6809847661519886,-0.08155659686172834,-0.10786346712762562,0.19196382008838492
stained_coating::中医舌诊染苔数据/染苔/100_好丽友派.JPG,stained_coating::中医舌诊染苔数据/非染苔/285.JPG,0.4052584014553444,0.08685397794248662,-0.05509828806673456,0.15215977685647497,0.06294106562710605,0.08588429607566173,0.3134684402564176,-0.12256257621768646,-0.07668507836740479
stained_coating::中医舌诊染苔数据/染苔/102_巧克力.JPG,stained_coating::中医舌诊染苔数据/非染苔/304.JPG,0.5864997157096813,0.29502940923401993,0.0768037384819632,0.38747031806573046,0.07413058840525824,0.13964413669319586,0.19135815549134172,-0.13968225091301917,0.14065062617892654
stained_coating::中医舌诊染苔数据/染苔/103_蒙牛酸奶.JPG,stained_coating::中医舌诊染苔数据/非染苔/307.JPG,0.3198942758767709,0.12481862614196926,0.10021257409994588,0.1299061815118237,-0.011189522778152189,-0.025638499158753825,-0.09376137687044628,-0.13641585548690122,-0.17790857996188297
stained_coating::中医舌诊染苔数据/染苔/105_蓝莓果酱.JPG,stained_coating::中医舌诊染苔数据/非染苔/601.JPG,1.3962385316616317,-0.5520365745869258,0.5950509201727388,-0.6875916852450765,-0.7161294578017401,0.23136189411331487,0.3224044404121069,-0.27251522534511113,0.27072280431636986
stained_coating::中医舌诊染苔数据/染苔/107_蓝莓酱.JPG,stained_coating::中医舌诊染苔数据/非染苔/912.JPG,0.6498159009777613,-0.3169890786566927,0.007009232571196122,-0.23041894792746764,0.49373769258596534,-0.07257913241537978,-0.011330517245811134,0.13396550946309616,0.038946506667936476
stained_coating::中医舌诊染苔数据/染苔/108_橙子糖.JPG,stained_coating::中医舌诊染苔数据/非染苔/318.JPG,0.6717836387181365,-0.028263883248007604,-0.05945299716086749,0.2569706722949158,-0.4573717435569707,0.2228358965784294,0.1984150321503373,-0.21852013971013845,0.18697994494490033
stained_coating::中医舌诊染苔数据/染苔/109_芒果.JPG,stained_coating::中医舌诊染苔数据/非染苔/265.JPG,1.279875811209243,-0.09590455961891708,0.824735356494565,0.5030584947865291,-0.2769406887592667,-0.6064926618644081,0.12726477566116356,-0.2947536155211522,0.3847371039567202
stained_coating::中医舌诊染苔数据/染苔/10_苏卡咖啡.JPG,stained_coating::中医舌诊染苔数据/非染苔/901.JPG,1.2672757766394636,-0.5079207478630198,0.4783148258119948,-0.20612175094706542,0.4559730532097017,-0.44103156033395463,-0.27906363194004774,0.0617421703056249,0.7698209469823383
stained_coating::中医舌诊染苔数据/染苔/110_芒果.JPG,stained_coating::中医舌诊染苔数据/非染苔/260.JPG,1.3685907524029588,0.5231152128608749,-0.14616127737911833,-0.06384130476940975,1.0951745419116454,0.23563303417215142,0.519781436252784,0.18637135372232816,0.11880683242476181
stained_coating::中医舌诊染苔数据/染苔/111_巧克力.JPG,stained_coating::中医舌诊染苔数据/非染苔/313.JPG,0.8494198603083045,-0.47191819516250577,0.469794049581971,0.10915082251155399,0.1804310547977041,-0.08183927025005788,0.33387162046567187,-0.08793025717139596,0.32822544738958115
stained_coating::中医舌诊染苔数据/染苔/112_巧克力.JPG,stained_coating::中医舌诊染苔数据/非染苔/275.JPG,1.2010675139065672,-0.24821652324493315,0.5273664710813719,0.6203934714292304,-0.09371225326702456,0.6022201075168108,-0.2547928559738828,-0.1213850958317742,0.5165689606255004
stained_coating::中医舌诊染苔数据/染苔/114_芒果.JPG,stained_coating::中医舌诊染苔数据/非染苔/274.JPG,1.3358743258727865,0.43520698439821726,0.3488214497774616,1.152824852373648,0.33009092195548956,-0.03893788702538736,-0.03199553638893937,-0.028113594221996274,0.17939700903188627
stained_coating::中医舌诊染苔数据/染苔/115_芒果.JPG,stained_coating::中医舌诊染苔数据/非染苔/1006.JPG,0.46915591733568035,0.06628917719164762,0.012250591771833463,0.055911976906145355,0.2741433080647286,0.13498678388918428,0.10623181929052061,0.058102915248205045,0.3231093626413396
stained_coating::中医舌诊染苔数据/染苔/116_巧克力.JPG,stained_coating::中医舌诊染苔数据/非染苔/750.JPG,1.1097823826265307,-0.7220220012038963,-0.13208380462715108,-0.12669048058118548,0.012588213125421188,0.1563553349877086,0.5225150483223892,-0.09927593728744871,0.6077182043633425
stained_coating::中医舌诊染苔数据/染苔/117_巧克力.JPG,stained_coating::中医舌诊染苔数据/非染苔/331.JPG,1.2604879235553954,-0.7064048251986387,-0.3818556354932652,-0.9249673296948182,-0.001398690347269027,0.13654215241484646,-0.03462561294634903,-0.14835022085048838,0.2158501892176128
stained_coating::中医舌诊染苔数据/染苔/118_彩虹糖.JPG,stained_coating::中医舌诊染苔数据/非染苔/319.JPG,0.8684675360449816,0.00974846114014949,0.5323401040526956,0.3126762418911146,-0.4713586470296609,-0.1526915121284232,0.1465731530309523,-0.285100803846068,0.15725323683361483
stained_coating::中医舌诊染苔数据/染苔/119_彩虹糖.JPG,stained_coating::中医舌诊染苔数据/非染苔/760.JPG,1.2736101060861944,-0.3853747898277968,0.46272032900227034,0.32207366236837043,-0.6014368493256801,0.7434345874753973,0.12007441192491786,-0.285100803846068,0.3815833126493092
stained_coating::中医舌诊染苔数据/染苔/120_蛋黄.JPG,stained_coating::中医舌诊染苔数据/非染苔/314.JPG,0.7442101526540649,-0.027368865745939885,0.24709416875799203,0.07559322104117633,-0.45317567251516366,0.18051636316675707,0.18288975710233857,-0.2736018260036179,0.37425774971748316
stained_coating::中医舌诊染苔数据/染苔/122_橘子味糖果.JPG,stained_coating::中医舌诊染苔数据/非染苔/281.JPG,1.2799621475039498,-0.14179456646560948,0.3177788067113547,0.80192065863347,-0.296522353621033,-0.05139236652327067,0.25485098829432284,-0.259781953550765,0.8069293129306047
stained_coating::中医舌诊染苔数据/染苔/123_玉米棒.JPG,stained_coating::中医舌诊染苔数据/非染苔/907.JPG,0.9087790285951297,-0.09454035165820124,-0.08847380590244908,0.42335252393131206,0.4503782918206256,0.21338156260829033,0.3743627117167033,0.07524226040448767,0.48549493941100397
stained_coating::中医舌诊染苔数据/染苔/124_彩虹糖.JPG,stained_coating::中医舌诊染苔数据/非染苔/337.JPG,0.9168837663261042,-0.07117047678335475,-0.27007737499639967,0.2969113986356584,-0.37624770341536734,-0.09660788301004364,-0.21881404661668624,-0.2818304523495913,0.6295308005242304
stained_coating::中医舌诊染苔数据/染苔/125_彩虹糖.JPG,stained_coating::中医舌诊染苔数据/非染苔/272.JPG,0.9905834294261862,-0.5449816038675737,-0.5772244182026787,0.23519183687659762,-0.12867951194875019,-0.3695833413519578,-0.0814530673099314,-0.2691710272019398,-0.2520108051998406
stained_coating::中医舌诊染苔数据/染苔/126_彩虹糖.JPG,stained_coating::中医舌诊染苔数据/非染苔/323.JPG,0.8808430408209577,-0.362145412370471,0.23020303200471715,-0.19082355891080316,-0.36785556133175323,0.05634882097681054,0.5546706148121254,-0.26284131462811405,0.20022523577838724
stained_coating::中医舌诊染苔数据/染苔/127_蛋黄.JPG,stained_coating::中医舌诊染苔数据/非染苔/1002.JPG,0.767103550891701,0.3611817977556788,-0.01804061069356655,-0.09353411891083807,0.6112276817565633,-0.03971823996427787,0.24084241602287537,-0.012079201495050762,0.12487464806818271
stained_coating::中医舌诊染苔数据/染苔/128_巧克力.JPG,stained_coating::中医舌诊染苔数据/非染苔/258.JPG,1.2073985734541328,-0.44900908431638953,-0.5113180263937082,0.02083130123874044,-0.14826117681051648,0.60255653831883,0.41184430460183086,-0.1913551232474695,0.634849444599226
stained_coating::中医舌诊染苔数据/染苔/129_彩虹糖.JPG,stained_coating::中医舌诊染苔数据/非染苔/335.JPG,1.3767775208598456,0.5049357147330451,-1.090439089987453,-0.6465343507766612,-0.012588213125421212,0.13740462130685038,0.07469937265487758,-0.057231151188341045,-0.07482176299448712
stained_coating::中医舌诊染苔数据/染苔/130_草莓糖.JPG,stained_coating::中医舌诊染苔数据/非染苔/278.JPG,0.627198426685613,0.15841095001131078,0.0902875560550025,-0.0184700592982055,0.10490177604517678,0.06176003688873064,0.07368848287681207,0.029485911073071636,0.5819559736355773
stained_coating::中医舌诊染苔数据/染苔/131_蛋黄.JPG,stained_coating::中医舌诊染苔数据/非染苔/255.JPG,1.0888699232867345,0.40836222734768524,-0.1826918105950754,0.5899445724078864,0.3063131860519162,0.3400634406255195,0.30849012431813283,0.021837508379698778,0.5765007890442764
stained_coating::中医舌诊染苔数据/染苔/133_彩虹糖.JPG,stained_coating::中医舌诊染苔数据/非染苔/296.JPG,1.2468111835366498,-0.3349229775163878,0.19482980869219702,0.22201606438119625,1.068599425313534,-0.09371282523868874,0.07765155626149567,0.4368279703110298,-0.08706132375944203
stained_coating::中医舌诊染苔数据/染苔/134_橘子味棒棒糖.JPG,stained_coating::中医舌诊染苔数据/非染苔/267.JPG,1.3741457977458695,0.0033177596771187257,0.7581698990379147,1.0607260390273876,0.39023460688805756,0.08418110370758236,-0.04870380950494746,-0.039500043840911714,0.15812184889265785
stained_coating::中医舌诊染苔数据/染苔/135_蓝莓蛋糕.JPG,stained_coating::中医舌诊染苔数据/非染苔/330.JPG,1.147884364622497,-0.5281387584353399,-0.3230485938168352,-0.7191470673014296,0.3692542516790222,0.13541930515540657,0.43514941513892014,0.08764849704918615,0.25583335373902416
stained_coating::中医舌诊染苔数据/染苔/136_橘子味糖果.JPG,stained_coating::中医舌诊染苔数据/非染苔/329.JPG,0.9617833059733601,-0.08017322500069479,0.09411672757366418,-0.3521250577086629,0.713332077107202,-0.0025764756219549545,-0.0945341794252943,0.19608790208652394,0.4790750464024565
stained_coating::中医舌诊染苔数据/染苔/138_彩虹糖.JPG,stained_coating::中医舌诊染苔数据/非染苔/1004.JPG,0.8234702725735685,-0.5091006041858075,-0.4475667639103656,-0.09955465751444242,-0.14965986715778554,0.35833712213611274,-0.037884097684616425,-0.08423792483666431,0.2221664350512375
stained_coating::中医舌诊染苔数据/染苔/13_台式梅肉.JPG,stained_coating::中医舌诊染苔数据/非染苔/791.JPG,1.1784532922003097,-0.7457262784034857,-0.011027970622036865,0.15735768848347886,-0.04615678145987778,0.27426070250074375,-0.2025069468554732,0.006383998650413836,-0.8302783996714002
stained_coating::中医舌诊染苔数据/染苔/142_橘子.JPG,stained_coating::中医舌诊染苔数据/非染苔/284.JPG,0.5187709064082551,0.07845135596214692,-0.23981030951696386,-0.027664675468004274,-0.18742450653404913,-0.07527189631045228,0.1406991990575055,-0.2724413786984165,0.26434815262783695
stained_coating::中医舌诊染苔数据/染苔/143_芒果.JPG,stained_coating::中医舌诊染苔数据/非染苔/792.JPG,1.1134842183065998,-0.36550951948588617,-0.8828722964625533,-0.4216522815503853,0.3286922316082205,-0.049759473965958256,0.19473581655092975,0.023231803399433204,0.004406118409659543
stained_coating::中医舌诊染苔数据/染苔/144_牛奶.JPG,stained_coating::中医舌诊染苔数据/非染苔/332.JPG,0.6959066543135344,0.24834104662478418,-0.37470884312141156,-0.20504545289068038,-0.14546379611597843,0.22826054999805956,0.23227388244108482,-0.26009843917945624,0.21283207469951798
stained_coating::中医舌诊染苔数据/染苔/145_彩虹糖.JPG,stained_coating::中医舌诊染苔数据/非染苔/262.JPG,0.9579134699812994,-0.30432529628071725,-0.11230624410831985,0.34334111572021464,-0.7427045743998515,0.06754406070494112,0.06424403964326753,-0.09733152870617667,-0.3531508285769747
stained_coating::中医舌诊染苔数据/染苔/146_橘子.JPG,stained_coating::中医舌诊染苔数据/非染苔/291.JPG,1.2033114249840398,-0.12697174820169765,-0.10924476375732764,1.113377871705839,-0.11888867951786702,-0.325705410591393,-0.1631728019679637,-0.18101219707648902,0.026125574530779183
stained_coating::中医舌诊染苔数据/染苔/147_红色火龙果.JPG,stained_coating::中医舌诊染苔数据/非染苔/906.JPG,1.3155296022305678,0.09790400793582543,0.2946993103974645,-1.0609700611776247,0.2139996231321606,-0.1959463040557078,0.564318354198649,0.07159377451623095,-0.3174210438869368
stained_coating::中医舌诊染苔数据/染苔/148_彩虹糖.JPG,stained_coating::中医舌诊染苔数据/非染苔/11.JPG,1.2050531340608268,0.7920697567974582,0.42027003461421975,0.47088243546412967,0.001398690347269027,-0.5584352681235616,0.1300452358160855,0.033459124403266816,0.31070597816931783
stained_coating::中医舌诊染苔数据/染苔/150_百香果.JPG,stained_coating::中医舌诊染苔数据/非染苔/893.JPG,1.2901643401609362,0.4673686682294709,-0.5088139274205045,0.02218686761409272,0.33708437369183464,-0.33380268203742797,0.8797340433138482,0.06536966704281222,-0.428312265632791
stained_coating::中医舌诊染苔数据/染苔/152_彩虹糖.JPG,stained_coating::中医舌诊染苔数据/非染苔/891.JPG,1.1884911905796125,-0.2517230010388536,-0.38127070618116765,0.022998073582918055,-0.36226079994267707,-0.05669441468096886,1.0309645293156022,-0.04877175407144685,0.05947175396483337
stained_coating::中医舌诊染苔数据/染苔/154_咖啡.JPG,stained_coating::中医舌诊染苔数据/非染苔/320.JPG,0.7066594928263402,-0.26750355612314436,-0.30657916774485555,0.12059449588338433,-0.48114947946054415,0.2680590901580885,-0.037580847926578675,-0.09858527333733597,0.069164977258318
stained_coating::中医舌诊染苔数据/染苔/155_芒果.JPG,stained_coating::中医舌诊染苔数据/非染苔/300.JPG,0.48628127364589324,-0.1942530488195931,-0.07692703613728077,-0.19612659068354996,-0.3272935412609515,0.20273686601239815,0.0331868713268878,-0.036976070952098705,0.060497309177849734
stained_coating::中医舌诊染苔数据/染苔/156_彩虹糖.JPG,stained_coating::中医舌诊染苔数据/非染苔/627.JPG,0.9193564806973965,-0.5609046191197224,0.20941005742519592,-0.5347373473774966,0.1328755829905573,-0.21758385335376274,0.28407522628651594,0.045526787359771614,0.23029474085815982
stained_coating::中医舌诊染苔数据/染苔/158_蓝莓蛋糕.JPG,stained_coating::中医舌诊染苔数据/非染苔/908.JPG,1.397287350549201,0.043680451765243045,-0.36190671203542446,-0.7990269348573079,-0.004196071041807081,-0.11634274324116411,1.0758767931514606,0.04794427602143114,-0.08786739288539538
stained_coating::中医舌诊染苔数据/染苔/159_橘子.JPG,stained_coating::中医舌诊染苔数据/非染苔/14.JPG,0.7517806431053854,0.27315110377884627,0.06238926173757166,0.44129603494962777,0.26295378528657654,-0.04376315254005447,-0.11216834447626056,0.059031163201522796,0.45255019275398567
stained_coating::中医舌诊染苔数据/染苔/15_咖啡味棒棒糖.JPG,stained_coating::中医舌诊染苔数据/非染苔/311.JPG,0.6027170204857192,-0.2900123996683473,-0.34920836002338007,-0.13746355961168583,0.33148961230275853,-0.029486472348249526,-0.01583130997278137,-0.027270511672232545,0.1629993239003113
stained_coating::中医舌诊染苔数据/染苔/161_香飘飘奶茶.JPG,stained_coating::中医舌诊染苔数据/非染苔/899.JPG,1.37370563811396,-0.12822447001443427,-0.17472948936955024,-0.06253810056680345,0.1468624864632475,-0.1880128107428794,0.9225625278439981,0.06773649602571252,0.9610187299883379
stained_coating::中医舌诊染苔数据/染苔/165_彩虹糖.JPG,stained_coating::中医舌诊染苔数据/非染苔/266.JPG,0.8637754779282846,0.04422071859904708,-0.6695817114788688,-0.3074689039700215,-0.029372497292649492,0.14863453635334267,0.4016784387891398,-0.0162990098776013,-0.1292656727676459
stained_coating::中医舌诊染苔数据/染苔/174_咖啡味糖果糖.JPG,stained_coating::中医舌诊染苔数据/非染苔/1.JPG,1.336812111736543,-0.9924173549957096,-0.6754461560986548,-0.5129676050416123,0.13847034437963346,-0.1985941709191006,-0.018882420162352198,0.06978288330956295,-0.13773621306111372
stained_coating::中医舌诊染苔数据/染苔/175_橘子.JPG,stained_coating::中医舌诊染苔数据/非染苔/328.JPG,1.1389158841670057,0.06385492725177322,-0.6445339133367207,-0.460147627233357,-0.6909530315508976,-0.037806998742358267,0.21851610963272128,-0.2703314745071412,0.25732912377428696
stained_coating::中医舌诊染苔数据/染苔/176_芒果.JPG,stained_coating::中医舌诊染苔数据/非染苔/799.JPG,0.9745476836339328,-0.3563555772785826,-0.3171786221115476,0.2737253805323916,-0.21679700382669864,0.32749237326694236,-0.18188790882308714,-0.06906419719440982,-0.6746263838749104
stained_coating::中医舌诊染苔数据/染苔/177_巧克力.JPG,stained_coating::中医舌诊染苔数据/非染苔/334.JPG,0.5597789707300781,-0.10822072327792154,-0.35800397102837533,-0.05804052976705926,-0.1832284354922421,0.36301873878504076,0.0034830525671382118,-0.027903482929615142,0.06292236852103816
stained_coating::中医舌诊染苔数据/染苔/178_杨梅.JPG,stained_coating::中医舌诊染苔数据/非染苔/162.JPG,1.3904802717528315,0.70837686292759,0.7543864147442418,-0.5278034808941172,0.39722805862440264,-0.16443453121932788,-0.44350553557394157,0.15617510823819392,-0.4219544511843716
stained_coating::中医舌诊染苔数据/染苔/180_咖啡.JPG,stained_coating::中医舌诊染苔数据/非染苔/895.JPG,1.459153925640499,-0.5770549520376558,-0.1947525793367182,-0.8971062808766275,0.32309747021914437,-0.27807813286536753,0.5468636989223217,0.06354613838916523,-0.6845378547247918
stained_coating::中医舌诊染苔数据/染苔/182_巧克力味糖果.JPG,stained_coating::中医舌诊染苔数据/非染苔/309.JPG,1.2559404907815714,-0.16008625322523806,-0.6102476594043993,-0.389343622796788,-0.39023460688805756,0.526117839960929,0.36512104987170024,-0.27128093139321513,0.625922112372355
stained_coating::中医舌诊染苔数据/染苔/183_杨梅.JPG,stained_coating::中医舌诊染苔数据/非染苔/317.JPG,1.1563731111636057,-0.2313649672298051,-0.6401057848220002,-0.5915761525848994,-0.5440905450876501,0.28666931004642904,0.12160593194459512,-0.2848898134269405,0.2231753593844643
stained_coating::中医舌诊染苔数据/染苔/185_彩虹糖.JPG,stained_coating::中医舌诊染苔数据/非染苔/295.JPG,1.0402832173856147,-0.6474435399953905,-0.47563106971648483,-0.2571343960934167,-0.24616950111934813,0.044873361879325224,0.22207927369126157,-0.057231151188341045,0.5054259316666951
stained_coating::中医舌诊染苔数据/染苔/186_橘子.JPG,stained_coating::中医舌诊染苔数据/非染苔/298.JPG,0.798256678691793,-0.006631497984926904,-0.260363328668529,-0.5197115955144438,-0.46156781459877777,-0.08710604161891633,-0.12419620433849032,-0.057231151188341045,0.2448430744059633
stained_coating::中医舌诊染苔数据/染苔/188_巧克力.JPG,stained_coating::中医舌诊染苔数据/非染苔/321.JPG,1.1406146038952123,-0.5752956312447659,-0.39259691877418357,-0.2899279848848715,-0.5552800678658023,-0.19588776530183377,0.10638187132636279,-0.057231151188341045,0.6087245326599673
stained_coating::中医舌诊染苔数据/染苔/189_黄桃.JPG,stained_coating::中医舌诊染苔数据/非染苔/913.JPG,0.9393383513103544,0.26928709427720626,0.29104753579108233,-0.5149965412156425,0.4657638856405848,0.07849029520368023,0.08544620136999748,0.1492996777365624,-0.4552172259867559
stained_coating::中医舌诊染苔数据/染苔/190_咖啡.JPG,stained_coating::中医舌诊染苔数据/非染苔/1003.JPG,1.2989285217786113,-0.7464692658933878,-0.5453027609781018,-0.5344513586163645,-0.6140250624511014,-0.3438989387431354,-0.05773150793482695,-0.19015511523868173,0.11054606127192956
stained_coating::中医舌诊染苔数据/染苔/192_彩虹糖.JPG,stained_coating::中医舌诊染苔数据/非染苔/299.JPG,1.2670808420120157,0.3736553040997179,-0.28725071862101176,0.8428171727473166,0.1244834409069431,-0.651650832256103,0.13446895428971262,-0.24106270774042166,-0.39583298108538273
stained_coating::中医舌诊染苔数据/染苔/194_金嗓子润喉糖.JPG,stained_coating::中医舌诊染苔数据/非染苔/315.JPG,1.1862606213818956,0.04654821555782196,0.17414981884939768,1.0327944735339059,0.16364677063047578,-0.08398157485403568,0.14872343360777884,0.08000405042617198,0.4956838339716751
stained_coating::中医舌诊染苔数据/染苔/196_橙子.JPG,stained_coating::中医舌诊染苔数据/非染苔/322.JPG,0.5828810727636167,-0.1428474331461842,-0.2002853124885517,-0.1584230849420556,-0.06853582701618216,0.41298353667820953,-0.030389329316094393,-0.1282645922946078,0.2480020110071658
stained_coating::中医舌诊染苔数据/染苔/1_咖啡.JPG,stained_coating::中医舌诊染苔数据/非染苔/293.JPG,1.3638787904645726,0.15572378128036957,0.19174842841575007,0.3203388343564526,-0.6098289914092943,-0.6808446094943772,0.10204356250893198,-0.3383604999577066,0.8580148791274642
stained_coating::中医舌诊染苔数据/染苔/200_黑巧.JPG,stained_coating::中医舌诊染苔数据/非染苔/286.JPG,1.320157008561047,0.66808253930422,-0.10506309694956284,0.5666625081690346,0.8867696801685608,0.22355011433483063,0.2696768830566204,0.1825977021635578,-0.14809771790514054
stained_coating::中医舌诊染苔数据/染苔/214_彩虹糖.JPG,stained_coating::中医舌诊染苔数据/非染苔/399.JPG,1.0800394878296997,0.34254156951639,-0.28921255729946516,-0.10231201991962197,0.8098417110687646,0.028418419770043002,0.012883868514016128,-0.5212307314126373,-0.16291176353814574
stained_coating::中医舌诊染苔数据/染苔/215_巧克力.JPG,stained_coating::中医舌诊染苔数据/非染苔/277.JPG,1.1223277818699866,-0.4729180341112327,0.1386140909445927,0.899971854234808,0.25176426250842426,0.02147890399145766,-0.04879154872105074,0.2608131692242508,-0.2693589922127262
stained_coating::中医舌诊染苔数据/染苔/217_橘子味糖果.JPG,stained_coating::中医舌诊染苔数据/非染苔/1005.JPG,0.4259214407945623,0.06071256487032861,-0.22085950157489195,-0.016038791319084672,-0.18602581618678013,0.24853781027943633,0.13980050304577152,-0.06187294040914665,-0.09453997619692828
stained_coating::中医舌诊染苔数据/染苔/218_橘子味芬达.JPG,stained_coating::中医舌诊染苔数据/非染苔/289.JPG,1.0668640024272906,-0.05564304705621692,-0.8097531747078947,-0.42375763925071863,-0.26994723702292156,0.4615574259165115,0.08875177313952454,-0.057231151188341045,-0.05265795400396417
stained_coating::中医舌诊染苔数据/染苔/21_彩虹糖.JPG,stained_coating::中医舌诊染苔数据/非染苔/144.JPG,1.3179078786018708,0.663703300564485,0.6054337428317912,0.46123350514086187,-0.2657511659811145,-0.6850829748139958,-0.39940521684228925,-0.11532340702474642,0.06562287732115984
stained_coating::中医舌诊染苔数据/染苔/227_彩虹糖.JPG,stained_coating::中医舌诊染苔数据/非染苔/325.JPG,1.0376147615521354,-0.04002946238425098,-0.6227985647457044,-0.24554108939878366,0.29512366327376394,0.6084127361583715,0.26152356411541194,-0.032587470234246185,-0.31646959530408864
stained_coating::中医舌诊染苔数据/染苔/228_彩虹糖.JPG,stained_coating::中医舌诊染苔数据/非染苔/654.JPG,0.4517987201877018,-0.09431508373155362,0.1190782516218668,0.1071315742836153,0.19301926792312524,0.036890724789768736,0.35291332093943906,0.0005490146531047513,0.08002791667575987
stained_coating::中医舌诊染苔数据/染苔/229_芬达.JPG,stained_coating::中医舌诊染苔数据/非染苔/268.JPG,1.2702205260348842,0.23154508841084664,-0.21383498663878606,0.11312378892269931,1.1818933434423249,0.10962760301745478,-0.009919211100914205,0.291471505704443,-0.085910113834195
stained_coating::中医舌诊染苔数据/染苔/231_德芙巧克力.JPG,stained_coating::中医舌诊染苔数据/非染苔/889.JPG,1.1769005755350195,-0.8363857431404238,-0.2641833654981737,0.41063393383036684,0.5231101898786148,0.31551445213293494,0.23632660945436434,0.11801397443199557,0.06457221066479968
stained_coating::中医舌诊染苔数据/染苔/234_黄色彩虹糖.JPG,stained_coating::中医舌诊染苔数据/非染苔/261.JPG,1.0781485751720656,-0.45187399605280903,-0.14595895145422144,-0.05209052790080193,0.5496853064767262,0.5846987480083631,-0.42134728488779727,0.18843488397773273,-0.2777210852082379
stained_coating::中医舌诊染苔数据/染苔/236_巧克力.JPG,stained_coating::中医舌诊染苔数据/非染苔/303.JPG,0.8518055596204548,0.2163591627515391,-0.36480448692071676,0.4192253273107864,-0.25875771424476934,0.4263323794764216,0.25127604080264876,-0.23288067511200555,-0.061978426602830816
stained_coating::中医舌诊染苔数据/染苔/23_蓝莓干.JPG,stained_coating::中医舌诊染苔数据/非染苔/280.JPG,1.429386506997479,-0.02654596710240409,0.2340560028196973,0.7729153725985776,-0.6909530315508976,-0.6337826180355328,0.18233675812528782,-0.3345141006606745,0.6049940799083164
stained_coating::中医舌诊染苔数据/染苔/240_柠檬味糖果.JPG,stained_coating::中医舌诊染苔数据/非染苔/283.JPG,1.395238131699572,0.40402070591976025,-0.5777426490584363,0.7875796917524557,0.5133193574477317,-0.5475142015049369,0.03206847185748485,0.4615520913624171,-0.22816899532193552
stained_coating::中医舌诊染苔数据/染苔/245_巧克力.JPG,stained_coating::中医舌诊染苔数据/非染苔/305.JPG,1.3125590541743082,-0.2592970024348613,-1.049409645458582,-0.19318367869087447,-0.03216987798718754,-0.5365187981666458,0.12860488173268225,0.4248608574761405,0.17624560100176417
stained_coating::中医舌诊染苔数据/染苔/246_蓝莓干.JPG,stained_coating::中医舌诊染苔数据/非染苔/287.JPG,1.365599343819792,-0.46628296556682475,0.03511080939682343,0.5288295892657785,-1.0000635982973518,-0.26701021633456057,0.1437803991010077,-0.33347002775852314,0.40404398473229425
stained_coating::中医舌诊染苔数据/染苔/247_火龙果.JPG,stained_coating::中医舌诊染苔数据/非染苔/18.JPG,1.0901766319998025,0.17027247774779364,0.06256100295253608,-0.17554488477807084,-0.16224808028320692,-0.16524010813200235,-0.08991770447879399,-1.0297141250029869,-0.05231998583163244
stained_coating::中医舌诊染苔数据/染苔/248_彩虹糖.JPG,stained_coating::中医舌诊染苔数据/非染苔/392.JPG,0.5530600718125895,0.19141889369778609,-0.06584542757195533,-0.18192427883900186,0.41680972348616896,-0.01343184968515626,0.175222224740892,-0.1593399645251068,-0.04241902979850731
stained_coating::中医舌诊染苔数据/染苔/249_巧克力.JPG,stained_coating::中医舌诊染苔数据/非染苔/269.JPG,1.358249187931312,-0.8671917783978937,-0.6506679888423126,0.045924019232761765,-0.15945069958866867,-0.6019090649629705,0.13908422490860017,0.2327294653116309,-0.45399884914171246
stained_coating::中医舌诊染苔数据/染苔/24_牛奶巧克力4.JPG,stained_coating::中医舌诊染苔数据/非染苔/677.JPG,0.5412886051851955,0.3433290347584723,-0.1490555329306845,-0.19324230233734913,0.13427427333782627,-0.09751199023052637,-0.08058658974056676,0.11589527897325674,0.2609488567360228
stained_coating::中医舌诊染苔数据/染苔/259_橘子味糖果.JPG,stained_coating::中医舌诊染苔数据/非染苔/590.JPG,0.82187421317251,0.2413935345163185,0.19046818897404455,0.10395616952879633,0.2531629528556933,-0.06476356832631106,-0.3654636232472843,0.5170003735091306,0.3177774708359842
stained_coating::中医舌诊染苔数据/染苔/265_奥利奥饼干.JPG,stained_coating::中医舌诊染苔数据/非染苔/259.JPG,1.4557437199541778,-0.3646954865478125,-0.34696302986608973,0.35755304141979016,0.04615678145987778,0.1026720106100471,1.1913969669167694,0.23951808204705896,0.49848954263039347
stained_coating::中医舌诊染苔数据/染苔/268_奥利奥饼干.JPG,stained_coating::中医舌诊染苔数据/非染苔/592.JPG,1.4943295282703466,-0.6162317702117144,0.1379651590169887,0.15168373385302475,-0.002797380694538054,-0.11658815312901805,1.2455035967950678,0.43015671699624136,0.2476331371788006
stained_coating::中医舌诊染苔数据/染苔/269_彩虹糖.JPG,stained_coating::中医舌诊染苔数据/非染苔/282.JPG,1.4575187233968263,-0.5300512579601488,0.5837647380377335,0.4680978556636893,0.03636594902899465,-1.0915047768026487,0.05820162595154843,-0.19015511523868173,-0.22640243812147975
stained_coating::中医舌诊染苔数据/染苔/270_牛奶.JPG,stained_coating::中医舌诊染苔数据/非染苔/672.JPG,1.4346477653104928,0.4725055397567547,0.22737833746876535,-0.08780444176017599,0.08112404014160338,0.3623770048687883,1.2693355655790675,-0.11620791842243255,0.11369668056771337
stained_coating::中医舌诊染苔数据/染苔/273_彩虹糖.JPG,stained_coating::中医舌诊染苔数据/非染苔/909.JPG,1.1351721458116064,-0.4538378683673412,-0.2942499071006569,-0.4132594630694001,0.08252273048887238,0.2784801248836185,0.8284262716619727,0.025275773084731168,0.23235848366228984
stained_coating::中医舌诊染苔数据/染苔/275_橘子.JPG,stained_coating::中医舌诊染苔数据/非染苔/172.JPG,0.3941505432326538,0.15362297794063684,0.12254851292137281,0.14954139503885855,-0.25456164320296226,-0.07049688303048646,-0.12747675151031002,-0.09078346302672258,0.010510208746114191
stained_coating::中医舌诊染苔数据/染苔/280_彩虹糖.JPG,stained_coating::中医舌诊染苔数据/非染苔/696.JPG,1.4749018462513828,0.014904321708069879,0.04581904383230456,-0.20966994509486067,0.05315023319622292,-0.25963516179848056,1.243495218158489,0.7158915910081249,-0.005996200985765476
stained_coating::中医舌诊染苔数据/染苔/281_橙子味糖果.JPG,stained_coating::中医舌诊染苔数据/非染苔/793.JPG,1.4391209477428162,-0.35679370517595244,0.4832998380756037,-0.5984658603008777,0.11609129882332891,0.03081745426858662,1.0127187306194148,0.013201736459315216,-0.5584145560481016
stained_coating::中医舌诊染苔数据/染苔/297_黑葡提.JPG,stained_coating::中医舌诊染苔数据/非染苔/728.JPG,1.3008821689763719,0.027530614096348494,-0.24453611562533256,-1.0814613751173126,-0.5496853064767262,-0.18362105910115456,-0.3332030667661905,-0.12109091804427191,0.024938754887765202
stained_coating::中医舌诊染苔数据/染苔/306_蓝莓.JPG,stained_coating::中医舌诊染苔数据/非染苔/664.JPG,0.9939274266760849,0.09157674435618834,0.16752492116173257,-0.036494971373217555,-0.46296650494604674,0.05634144783122663,-0.384748292432866,-0.1309755993987099,0.7532667174598613
stained_coating::中医舌诊染苔数据/染苔/32_橘子.JPG,stained_coating::中医舌诊染苔数据/非染苔/595.JPG,1.4374405579055443,-0.3489412811581465,-0.009813039072796653,0.20533123279392373,-0.34407782542817983,-0.13793492025435933,1.2790704142596636,-0.15915271052813112,0.32163928062224756
stained_coating::中医舌诊染苔数据/染苔/339_黑莓.JPG,stained_coating::中医舌诊染苔数据/非染苔/784.JPG,1.4425976849030557,-0.24122805916106776,0.08893402567389819,0.08193492957230838,-1.180494653095056,-0.030774668490658463,0.40347854472932654,-0.3374514829019655,0.5805956982083987
stained_coating::中医舌诊染苔数据/染苔/43_橘子.JPG,stained_coating::中医舌诊染苔数据/非染苔/566.JPG,1.3993600347374417,-0.055852622932558105,-0.12371287893265592,-0.3161428363813139,0.05315023319622286,0.16173785854853084,1.3444415427129979,-0.04848724667815457,0.03129959877200428
stained_coating::中医舌诊染苔数据/染苔/555_奥利奥.JPG,stained_coating::中医舌诊染苔数据/非染苔/705.JPG,1.4418266214888407,-0.1705788453683047,0.4384689694083467,-0.05658772302814996,-0.9888740755191997,0.4788372742315764,0.3316139033476765,-0.34050490987377674,0.6490309772623367
stained_coating::中医舌诊染苔数据/染苔/618_芒果.JPG,stained_coating::中医舌诊染苔数据/非染苔/765.JPG,1.3421041744132467,0.05882026103151816,0.46484971690639565,0.44954863267960743,-0.8280246855832619,0.4671144115982441,0.5953342645347353,-0.339764465371651,0.07694821311215784
stained_coating::中医舌诊染苔数据/染苔/677_橘子.JPG,stained_coating::中医舌诊染苔数据/非染苔/752.JPG,1.2648995607098132,0.010930454578037208,0.25265244073176363,0.21567942984225685,-1.0000635982973518,0.1557017489669308,0.558847895573344,-0.3383604999577066,0.19578436605767335
stained_coating::中医舌诊染苔数据/染苔/680_咖啡.JPG,stained_coating::中医舌诊染苔数据/非染苔/761.JPG,1.2911445986562256,-0.08281209696004055,-0.16858121858024555,0.2640990079368236,-0.5902473265475279,0.4912357030460494,0.6142745928260565,-0.3236944680114778,0.7001519917335877
stained_coating::中医舌诊染苔数据/染苔/703_雀巢咖啡.JPG,stained_coating::中医舌诊染苔数据/非染苔/324.JPG,1.3155171857833674,-0.005180738100938831,-0.011153633049852785,0.21034204296435255,-0.5748617327275687,0.3114955542142678,0.8806140704395342,-0.33109407783562933,0.6112205215728487
stained_coating::中医舌诊染苔数据/染苔/713_莎布蕾饼干.JPG,stained_coating::中医舌诊染苔数据/非染苔/336.JPG,1.3440670999249267,-0.3803698441226311,0.18651308141082623,-0.04908701610684063,-0.7678810006506939,-0.09674818266555357,0.562856651313893,-0.3278242757933691,0.7754744859490601
stained_coating::中医舌诊染苔数据/染苔/717_苏卡咖啡.JPG,stained_coating::中医舌诊染苔数据/非染苔/1001.JPG,1.2657386909157595,-0.09677958914516194,0.3073326104381474,0.1460455087728364,-0.8434102794032212,0.18825494378830826,0.5635381031968918,-0.3343617919518668,0.5484447974033655
stained_coating::中医舌诊染苔数据/染苔/720_特浓咖啡.JPG,stained_coating::中医舌诊染苔数据/非染苔/657.JPG,1.392132418308457,-0.32503560926887554,0.1810217980936057,0.6764245439979558,-0.9161421774612104,0.23757052448463606,0.4630543099890515,-0.33403937221763763,0.3468539002035523
stained_coating::中医舌诊染苔数据/染苔/748_苏卡特浓咖啡.JPG,stained_coating::中医舌诊染苔数据/非染苔/708.JPG,1.3489890412372179,-0.06923222165810333,0.21492121296133684,0.4219204023809109,-0.9007565836412511,0.6686897271779211,0.34320193615686206,-0.3339489320536054,0.3208621927377026
stained_coating::中医舌诊染苔数据/染苔/757_苏卡特浓咖啡.JPG,stained_coating::中医舌诊染苔数据/非染苔/626.JPG,1.4423697119185712,0.16143497606824886,0.3968580467367012,0.5840321224811444,-1.1035666839952596,0.374185205176255,0.23352301006123083,-0.33720279992358765,0.17223991033134955
stained_coating::中医舌诊染苔数据/染苔/83_彩虹糖.JPG,stained_coating::中医舌诊染苔数据/非染苔/582.JPG,1.2314860291464467,-0.15350225629720515,0.9761852153615276,-0.138372304264881,-0.5692669713384926,0.054131266820238166,-0.29495930936545356,-0.19015511523868173,0.2659988482668668
stained_coating::中医舌诊染苔数据/染苔/872_沙糖桔.JPG,stained_coating::中医舌诊染苔数据/非染苔/795.JPG,1.438655041704872,0.044493937453815136,-0.9117572644709508,-0.6608085498364764,0.14965986715778545,0.031446608971078316,0.7759656529098369,0.00348573754933601,-0.4174416842921258
stained_coating::中医舌诊染苔数据/染苔/87_彩虹糖.JPG,stained_coating::中医舌诊染苔数据/非染苔/637.JPG,0.9231661704806412,-0.26027449971838024,0.6651000877382887,0.4162422599238943,-0.002797380694538054,-0.038149175603210406,0.17486385754367179,-0.044501835464353656,0.36722779100648745
stained_coating::中医舌诊染苔数据/染苔/94_彩虹糖.JPG,stained_coating::中医舌诊染苔数据/非染苔/671.JPG,1.4189546955224681,-0.24073784058346098,0.1242884692960507,0.5477725691557096,-0.011189522778152161,0.13554305070342437,1.243256120025086,-0.09717163752918151,0.25758508847202966
